Model,Current Price,Original Price,Sale,Rating,Link,Image Link,Image_Display
Apple iPhone 16 Pro Max 256GB Desert Titanium 5G With FaceTime - International Version ,"77,777","77,777",-,4.5,https://www.noon.com/egypt-en/iphone-16-pro-max-256gb-desert-titanium-5g-with-facetime-international-version/N70106183V/p/?o=b8e38d273a63a3af,https://f.nooncdn.com/p/pnsku/N70106183V/45/_/1726043631/3064c465-3457-42ef-a234-0b6382365281.jpg?format=jpg&width=240,"<img src=""https://f.nooncdn.com/p/pnsku/N70106183V/45/_/1726043631/3064c465-3457-42ef-a234-0b6382365281.jpg?format=jpg&width=240"" width=""100""/>"
Apple iPhone 16 Pro Max 256GB Black Titanium 5G With FaceTime - International Version ,"78,550","78,550",-,4.6,https://www.noon.com/egypt-en/iphone-16-pro-max-256gb-black-titanium-5g-with-facetime-international-version/N70106062V/p/?o=e893bd0bb858894c,https://f.nooncdn.com/p/pnsku/N70106062V/45/_/1726043625/0b07a32d-ddd4-48d4-9352-f38872e9d7bd.jpg?format=jpg&width=240,"<img src=""https://f.nooncdn.com/p/pnsku/N70106062V/45/_/1726043625/0b07a32d-ddd4-48d4-9352-f38872e9d7bd.jpg?format=jpg&width=240"" width=""100""/>"
Apple iPhone 15 128GB Black 5G With FaceTime - International Version ,"46,999","46,999",-,4.6,https://www.noon.com/egypt-en/iphone-15-128gb-black-5g-with-facetime-international-version/N53433298A/p/?o=cc749a0f00c1f3ce,https://f.nooncdn.com/p/pnsku/N53433298A/45/_/1694762142/3e3d796f-1083-4fdc-a155-65c36489b69d.jpg?format=jpg&width=240,"<img src=""https://f.nooncdn.com/p/pnsku/N53433298A/45/_/1694762142/3e3d796f-1083-4fdc-a155-65c36489b69d.jpg?format=jpg&width=240"" width=""100""/>"
Apple iPhone 16 128GB Black 5G With FaceTime - International Version ,"51,999","53,411",On Sale,4.6,https://www.noon.com/egypt-en/iphone-16-128gb-black-5g-with-facetime-international-version/N70106131V/p/?o=c50c63bffe6ae2fb,https://f.nooncdn.com/p/pnsku/N70106131V/45/_/1725964733/2ca5e7e5-575e-4636-bc29-efccc177547f.jpg?format=jpg&width=240,"<img src=""https://f.nooncdn.com/p/pnsku/N70106131V/45/_/1725964733/2ca5e7e5-575e-4636-bc29-efccc177547f.jpg?format=jpg&width=240"" width=""100""/>"
Apple iPhone 13 128GB Midnight 5G With Facetime - International Version ,"34,999","34,999",-,4.6,https://www.noon.com/egypt-en/iphone-13-128gb-midnight-5g-with-facetime-international-version/N50838860A/p/?o=de2044d7e9a435de,https://f.nooncdn.com/p/v1686205680/N50838860A_1.jpg?format=jpg&width=240,"<img src=""https://f.nooncdn.com/p/v1686205680/N50838860A_1.jpg?format=jpg&width=240"" width=""100""/>"
Apple iPhone 16 Pro Max 256GB Desert Titanium 5G With FaceTime - Middle East Version ,"77,366","77,696",On Sale,4.5,https://www.noon.com/egypt-en/iphone-16-pro-max-256gb-desert-titanium-5g-with-facetime-middle-east-version/N70105592V/p/?o=ccdbfef1bbbf7eed,https://f.nooncdn.com/p/pnsku/N70105592V/45/_/1726043633/aa2f8393-ed30-467b-b456-c8b10fad6e8f.jpg?format=jpg&width=240,"<img src=""https://f.nooncdn.com/p/pnsku/N70105592V/45/_/1726043633/aa2f8393-ed30-467b-b456-c8b10fad6e8f.jpg?format=jpg&width=240"" width=""100""/>"
Apple iPhone 13 128GB Blue 5G With Facetime - International Version ,"34,444","34,444",-,4.5,https://www.noon.com/egypt-en/iphone-13-128gb-blue-5g-with-facetime-international-version/N50838836A/p/?o=f488dcb2d148fb4a,https://f.nooncdn.com/p/v1686205678/N50838836A_1.jpg?format=jpg&width=240,"<img src=""https://f.nooncdn.com/p/v1686205678/N50838836A_1.jpg?format=jpg&width=240"" width=""100""/>"
Apple iPhone 16 Pro 256GB Desert Titanium 5G With FaceTime - International Version ,"77,200","77,200",-,4.6,https://www.noon.com/egypt-en/iphone-16-pro-256gb-desert-titanium-5g-with-facetime-international-version/N70106148V/p/?o=dbc19108492c7cee,https://f.nooncdn.com/p/pnsku/N70106148V/45/_/1725964975/9b38da57-2316-4992-a087-ffdc4b237311.jpg?format=jpg&width=240,"<img src=""https://f.nooncdn.com/p/pnsku/N70106148V/45/_/1725964975/9b38da57-2316-4992-a087-ffdc4b237311.jpg?format=jpg&width=240"" width=""100""/>"
Apple iPhone 16 128GB Ultramarine 5G With FaceTime - International Version ,"51,327","53,411",On Sale,4.6,https://www.noon.com/egypt-en/iphone-16-128gb-ultramarine-5g-with-facetime-international-version/N70106132V/p/?o=dda4595a52d2a7ee,https://f.nooncdn.com/p/pnsku/N70106132V/45/_/1725965692/cf70424d-3e18-465b-8527-53f835bac1c6.jpg?format=jpg&width=240,"<img src=""https://f.nooncdn.com/p/pnsku/N70106132V/45/_/1725965692/cf70424d-3e18-465b-8527-53f835bac1c6.jpg?format=jpg&width=240"" width=""100""/>"
Apple iPhone 16 128GB Pink 5G With FaceTime - International Version ,"53,333","53,999",On Sale,4.6,https://www.noon.com/egypt-en/iphone-16-128gb-pink-5g-with-facetime-international-version/N70106130V/p/?o=b7792d6a5e42dabd,https://f.nooncdn.com/p/pnsku/N70106130V/45/_/1725965631/8994930f-a847-44c2-9d7c-01ea55776031.jpg?format=jpg&width=240,"<img src=""https://f.nooncdn.com/p/pnsku/N70106130V/45/_/1725965631/8994930f-a847-44c2-9d7c-01ea55776031.jpg?format=jpg&width=240"" width=""100""/>"
Apple iPhone 16 Pro Max 512GB Desert Titanium 5G With FaceTime - International Version ,"89,596","95,932",On Sale,4.5,https://www.noon.com/egypt-en/iphone-16-pro-max-512gb-desert-titanium-5g-with-facetime-international-version/N70106154V/p/?o=c58b32eb0f7e308a,https://f.nooncdn.com/p/pnsku/N70106154V/45/_/1726043627/434fe88d-bfd7-460e-b42b-f98dc07e4d91.jpg?format=jpg&width=240,"<img src=""https://f.nooncdn.com/p/pnsku/N70106154V/45/_/1726043627/434fe88d-bfd7-460e-b42b-f98dc07e4d91.jpg?format=jpg&width=240"" width=""100""/>"
Apple iPhone 16 128GB White 5G With FaceTime - International Version ,"53,324","53,417",On Sale,4.7,https://www.noon.com/egypt-en/iphone-16-128gb-white-5g-with-facetime-international-version/N70106134V/p/?o=e3cc1abb28a5094c,https://f.nooncdn.com/p/pnsku/N70106134V/45/_/1725964828/945b53af-f75f-47f4-9ac5-03c0f20ed855.jpg?format=jpg&width=240,"<img src=""https://f.nooncdn.com/p/pnsku/N70106134V/45/_/1725964828/945b53af-f75f-47f4-9ac5-03c0f20ed855.jpg?format=jpg&width=240"" width=""100""/>"
Apple iPhone 16 Pro 256GB Desert Titanium 5G With FaceTime - Middle East Version ,"75,555","82,222",On Sale,4.6,https://www.noon.com/egypt-en/iphone-16-pro-256gb-desert-titanium-5g-with-facetime-middle-east-version/N70105580V/p/?o=c4e517eed145a29b,https://f.nooncdn.com/p/pnsku/N70105580V/45/_/1725965005/42e61dba-7a45-4c48-93c6-081a26548a2e.jpg?format=jpg&width=240,"<img src=""https://f.nooncdn.com/p/pnsku/N70105580V/45/_/1725965005/42e61dba-7a45-4c48-93c6-081a26548a2e.jpg?format=jpg&width=240"" width=""100""/>"
Apple iPhone 16 Pro 256GB Natural Titanium 5G With FaceTime - International Version ,"74,994","74,994",-,4.6,https://www.noon.com/egypt-en/iphone-16-pro-256gb-natural-titanium-5g-with-facetime-international-version/N70106059V/p/?o=f6af8e67bec392ac,https://f.nooncdn.com/p/pnsku/N70106059V/45/_/1725965004/88210210-ebc5-4eb2-8797-144e743437f4.jpg?format=jpg&width=240,"<img src=""https://f.nooncdn.com/p/pnsku/N70106059V/45/_/1725965004/88210210-ebc5-4eb2-8797-144e743437f4.jpg?format=jpg&width=240"" width=""100""/>"
Apple iPhone 16 Pro 256GB Black Titanium 5G With FaceTime - International Version ,"89,900","89,900",-,4.5,https://www.noon.com/egypt-en/iphone-16-pro-256gb-black-titanium-5g-with-facetime-international-version/N70106147V/p/?o=d880425a7bc6712c,https://f.nooncdn.com/p/pnsku/N70106147V/45/_/1725964954/f5ed25ec-abe9-4b88-8a40-355b1c68a204.jpg?format=jpg&width=240,"<img src=""https://f.nooncdn.com/p/pnsku/N70106147V/45/_/1725964954/f5ed25ec-abe9-4b88-8a40-355b1c68a204.jpg?format=jpg&width=240"" width=""100""/>"
Apple iPhone 13 128GB Starlight 5G With Facetime - International Version ,"34,045","39,333",On Sale,4.6,https://www.noon.com/egypt-en/iphone-13-128gb-starlight-5g-with-facetime-international-version/N50838226A/p/?o=c1d4570de1e5a34f,https://f.nooncdn.com/p/v1686205676/N50838226A_1.jpg?format=jpg&width=240,"<img src=""https://f.nooncdn.com/p/v1686205676/N50838226A_1.jpg?format=jpg&width=240"" width=""100""/>"
Apple iPhone 16 Pro 128GB Desert Titanium 5G With FaceTime - International Version ,"77,700","77,700",-,4.6,https://www.noon.com/egypt-en/iphone-16-pro-128gb-desert-titanium-5g-with-facetime-international-version/N70106151V/p/?o=f8d2ed5e681a902c,https://f.nooncdn.com/p/pnsku/N70106151V/45/_/1725964971/50d5b5aa-9067-4896-a145-393e047736d4.jpg?format=jpg&width=240,"<img src=""https://f.nooncdn.com/p/pnsku/N70106151V/45/_/1725964971/50d5b5aa-9067-4896-a145-393e047736d4.jpg?format=jpg&width=240"" width=""100""/>"
Apple iPhone 15 128GB Green 5G With FaceTime - International Version ,"46,999","46,999",-,4.5,https://www.noon.com/egypt-en/iphone-15-128gb-green-5g-with-facetime-international-version/N53433293A/p/?o=a7810572fe7c1fdd,https://f.nooncdn.com/p/pnsku/N53433293A/45/_/1694762131/16e61562-6282-4ab0-9b20-e16675560d88.jpg?format=jpg&width=240,"<img src=""https://f.nooncdn.com/p/pnsku/N53433293A/45/_/1694762131/16e61562-6282-4ab0-9b20-e16675560d88.jpg?format=jpg&width=240"" width=""100""/>"
Apple iPhone 16 256GB Teal 5G With FaceTime - International Version ,"58,499","58,499",-,4.3,https://www.noon.com/egypt-en/iphone-16-256gb-teal-5g-with-facetime-international-version/N70106137V/p/?o=bc928a3cf0f49c0e,https://f.nooncdn.com/p/pnsku/N70106137V/45/_/1725964664/38d42552-29fa-4368-b9ca-58ccf1328af5.jpg?format=jpg&width=240,"<img src=""https://f.nooncdn.com/p/pnsku/N70106137V/45/_/1725964664/38d42552-29fa-4368-b9ca-58ccf1328af5.jpg?format=jpg&width=240"" width=""100""/>"
Apple iPhone 16 Plus 256GB White 5G With FaceTime - International Version ,"76,666","76,666",-,4.3,https://www.noon.com/egypt-en/iphone-16-plus-256gb-white-5g-with-facetime-international-version/N70106126V/p/?o=c0718858da6aef8c,https://f.nooncdn.com/p/pnsku/N70106126V/45/_/1725964812/921f66a4-9984-4a86-8903-beb4dc1aeed7.jpg?format=jpg&width=240,"<img src=""https://f.nooncdn.com/p/pnsku/N70106126V/45/_/1725964812/921f66a4-9984-4a86-8903-beb4dc1aeed7.jpg?format=jpg&width=240"" width=""100""/>"
Apple iPhone 14 128GB Blue 5G With FaceTime - International Version ,"42,950","42,950",-,4.5,https://www.noon.com/egypt-en/iphone-14-128gb-blue-5g-with-facetime-international-version/N53346618A/p/?o=db315e62e1700c4a,https://f.nooncdn.com/p/pnsku/N53346618A/45/_/1720616596/2a45b8ae-5561-43aa-bc6a-54345d6ddbde.jpg?format=jpg&width=240,"<img src=""https://f.nooncdn.com/p/pnsku/N53346618A/45/_/1720616596/2a45b8ae-5561-43aa-bc6a-54345d6ddbde.jpg?format=jpg&width=240"" width=""100""/>"
Apple iPhone 16 Pro 512GB Black Titanium 5G With FaceTime - International Version ,"85,999","85,999",-,4.9,https://www.noon.com/egypt-en/iphone-16-pro-512gb-black-titanium-5g-with-facetime-international-version/N70106145V/p/?o=a77705f115db994d,https://f.nooncdn.com/p/pnsku/N70106145V/45/_/1725964952/4fa49714-c79d-4fd8-a4eb-6dfcab19009d.jpg?format=jpg&width=240,"<img src=""https://f.nooncdn.com/p/pnsku/N70106145V/45/_/1725964952/4fa49714-c79d-4fd8-a4eb-6dfcab19009d.jpg?format=jpg&width=240"" width=""100""/>"
Apple iPhone 13 128GB Green 5G With FaceTime - International version ,"34,999","34,999",-,4.6,https://www.noon.com/egypt-en/iphone-13-128gb-green-5g-with-facetime-international-version/N52943836A/p/?o=ed59a2c075fd26cd,https://f.nooncdn.com/p/v1686132002/N52943836A_1.jpg?format=jpg&width=240,"<img src=""https://f.nooncdn.com/p/v1686132002/N52943836A_1.jpg?format=jpg&width=240"" width=""100""/>"
Apple iPhone 16 Plus 128GB Black 5G With FaceTime - International Version ,"66,244","66,999",On Sale,4.2,https://www.noon.com/egypt-en/iphone-16-plus-128gb-black-5g-with-facetime-international-version/N70105862V/p/?o=ae0728dfbd05f46b,https://f.nooncdn.com/p/pnsku/N70105862V/45/_/1725964808/8080cf1b-5593-4897-b3e2-71a9f2000061.jpg?format=jpg&width=240,"<img src=""https://f.nooncdn.com/p/pnsku/N70105862V/45/_/1725964808/8080cf1b-5593-4897-b3e2-71a9f2000061.jpg?format=jpg&width=240"" width=""100""/>"
Apple iPhone 16 Pro Max 1TB Natural Titanium 5G With FaceTime - Middle East Version ,"99,749","99,749",-,4.1,https://www.noon.com/egypt-en/iphone-16-pro-max-1tb-natural-titanium-5g-with-facetime-middle-east-version/N70105599V/p/?o=c940945e648fde7d,https://f.nooncdn.com/p/pnsku/N70105599V/45/_/1726211178/16d98787-f030-4f35-8a05-7fbaa3fff6a9.jpg?format=jpg&width=240,"<img src=""https://f.nooncdn.com/p/pnsku/N70105599V/45/_/1726211178/16d98787-f030-4f35-8a05-7fbaa3fff6a9.jpg?format=jpg&width=240"" width=""100""/>"
Apple iPhone 16 Pro 1TB Desert Titanium 5G With FaceTime - International Version ,"94,999","94,999",-,4.4,https://www.noon.com/egypt-en/iphone-16-pro-1tb-desert-titanium-5g-with-facetime-international-version/N70106235V/p/?o=a82d130006e78bec,https://f.nooncdn.com/p/pnsku/N70106235V/45/_/1725965004/2829f5f3-b7af-4daf-804c-d8c1c97650ce.jpg?format=jpg&width=240,"<img src=""https://f.nooncdn.com/p/pnsku/N70106235V/45/_/1725965004/2829f5f3-b7af-4daf-804c-d8c1c97650ce.jpg?format=jpg&width=240"" width=""100""/>"
Apple iPhone 16 Pro Max 1TB Natural Titanium 5G With FaceTime - International Version ,"99,499","99,499",-,4.7,https://www.noon.com/egypt-en/iphone-16-pro-max-1tb-natural-titanium-5g-with-facetime-international-version/N70106160V/p/?o=b742351b02fd7b9f,https://f.nooncdn.com/p/pnsku/N70106160V/45/_/1726211187/bd715bdc-d128-4099-825f-3b9145017dc2.jpg?format=jpg&width=240,"<img src=""https://f.nooncdn.com/p/pnsku/N70106160V/45/_/1726211187/bd715bdc-d128-4099-825f-3b9145017dc2.jpg?format=jpg&width=240"" width=""100""/>"
Apple iPad 2025 (11th Generation) A16 11-inch Wi-Fi 128GB Blue - International Version ,"24,999","24,999",-,5.0,https://www.noon.com/egypt-en/ipad-2025-11th-generation-a16-11-inch-wi-fi-128gb-blue-international-version/N70159223V/p/?o=c904a529b48224dc,https://f.nooncdn.com/p/pnsku/N70159223V/45/_/1741283643/48267cb1-7f9c-4830-bc4e-bed6ff319b3c.jpg?format=jpg&width=240,"<img src=""https://f.nooncdn.com/p/pnsku/N70159223V/45/_/1741283643/48267cb1-7f9c-4830-bc4e-bed6ff319b3c.jpg?format=jpg&width=240"" width=""100""/>"
Apple iPad 2025 (11th Generation) A16 11-inch Wi-Fi 128GB Pink - International Version ,"24,999","24,999",-,5.0,https://www.noon.com/egypt-en/ipad-2025-11th-generation-a16-11-inch-wi-fi-128gb-pink-international-version/N70159225V/p/?o=bc23082329305bac,https://f.nooncdn.com/p/pnsku/N70159225V/45/_/1741283671/d98fa047-2fef-46b5-986c-017a40ce356c.jpg?format=jpg&width=240,"<img src=""https://f.nooncdn.com/p/pnsku/N70159225V/45/_/1741283671/d98fa047-2fef-46b5-986c-017a40ce356c.jpg?format=jpg&width=240"" width=""100""/>"
Apple iPad 2025 (11th Generation) A16 11-inch Wi-Fi 128GB Silver - International Version ,"24,999","24,999",-,,https://www.noon.com/egypt-en/ipad-2025-11th-generation-a16-11-inch-wi-fi-128gb-silver-international-version/N70159222V/p/?o=cc73058adfd87d6e,https://f.nooncdn.com/p/pnsku/N70159222V/45/_/1741283667/0fe98739-e331-4afe-b22d-d99539b815b0.jpg?format=jpg&width=240,"<img src=""https://f.nooncdn.com/p/pnsku/N70159222V/45/_/1741283667/0fe98739-e331-4afe-b22d-d99539b815b0.jpg?format=jpg&width=240"" width=""100""/>"
Apple iPhone 15 Plus 128GB Black 5G With FaceTime - International Version ,"50,999","64,999",On Sale,4.6,https://www.noon.com/egypt-en/iphone-15-plus-128gb-black-5g-with-facetime-international-version/N53432593A/p/?o=d93b18542628312e,https://f.nooncdn.com/p/pnsku/N53432593A/45/_/1694762140/525f77ac-634b-4f10-b6a2-0ad9ad8c67b0.jpg?format=jpg&width=240,"<img src=""https://f.nooncdn.com/p/pnsku/N53432593A/45/_/1694762140/525f77ac-634b-4f10-b6a2-0ad9ad8c67b0.jpg?format=jpg&width=240"" width=""100""/>"
Apple iPhone 16 Plus 128GB White 5G With FaceTime - International Version ,"66,000","66,999",On Sale,4.6,https://www.noon.com/egypt-en/iphone-16-plus-128gb-white-5g-with-facetime-international-version/N70105882V/p/?o=f51a9a6e27ff1ded,https://f.nooncdn.com/p/pnsku/N70105882V/45/_/1725964804/0d134f77-894b-4917-b7b8-c58f8c0e2c93.jpg?format=jpg&width=240,"<img src=""https://f.nooncdn.com/p/pnsku/N70105882V/45/_/1725964804/0d134f77-894b-4917-b7b8-c58f8c0e2c93.jpg?format=jpg&width=240"" width=""100""/>"
Apple iPhone 16 Pro Max 512GB Natural Titanium 5G With FaceTime - Middle East Version ,"89,999","94,999",On Sale,4.5,https://www.noon.com/egypt-en/iphone-16-pro-max-512gb-natural-titanium-5g-with-facetime-middle-east-version/N70105585V/p/?o=f2f0ce88a5c8244a,https://f.nooncdn.com/p/pnsku/N70105585V/45/_/1726043630/5025f2b4-ed8f-4034-b000-59522a93b299.jpg?format=jpg&width=240,"<img src=""https://f.nooncdn.com/p/pnsku/N70105585V/45/_/1726043630/5025f2b4-ed8f-4034-b000-59522a93b299.jpg?format=jpg&width=240"" width=""100""/>"
Apple iPhone 16 Plus 128GB Pink 5G With FaceTime - International Version ,"69,900","69,900",-,4.7,https://www.noon.com/egypt-en/iphone-16-plus-128gb-pink-5g-with-facetime-international-version/N70105861V/p/?o=cddbeb737b44c45c,https://f.nooncdn.com/p/pnsku/N70105861V/45/_/1725965670/cabfdfb8-1dc4-4c29-a916-6e35a2404935.jpg?format=jpg&width=240,"<img src=""https://f.nooncdn.com/p/pnsku/N70105861V/45/_/1725965670/cabfdfb8-1dc4-4c29-a916-6e35a2404935.jpg?format=jpg&width=240"" width=""100""/>"
Apple iPhone 16 Pro Max 1TB Desert Titanium 5G With FaceTime - Middle East Version ,"97,852","110,999",On Sale,4.3,https://www.noon.com/egypt-en/iphone-16-pro-max-1tb-desert-titanium-5g-with-facetime-middle-east-version/N70105597V/p/?o=db6f739703d6b41a,https://f.nooncdn.com/p/pnsku/N70105597V/45/_/1726211176/dc206d30-7ab4-4f6f-b0f1-645cb51f2436.jpg?format=jpg&width=240,"<img src=""https://f.nooncdn.com/p/pnsku/N70105597V/45/_/1726211176/dc206d30-7ab4-4f6f-b0f1-645cb51f2436.jpg?format=jpg&width=240"" width=""100""/>"
Apple iPhone 13 128GB Midnight 5G With FaceTime - UAE Version ,"37,999","37,999",-,4.8,https://www.noon.com/egypt-en/iphone-13-128gb-midnight-5g-with-facetime-uae-version/N50837748A/p/?o=db2ac1355361cf8f,https://f.nooncdn.com/p/v1686205674/N50837748A_1.jpg?format=jpg&width=240,"<img src=""https://f.nooncdn.com/p/v1686205674/N50837748A_1.jpg?format=jpg&width=240"" width=""100""/>"
Apple iPhone 16 Plus 256GB Black 5G With FaceTime - International Version ,"75,695","76,666",On Sale,4.7,https://www.noon.com/egypt-en/iphone-16-plus-256gb-black-5g-with-facetime-international-version/N70105884V/p/?o=ff5100ba5eb3d0fe,https://f.nooncdn.com/p/pnsku/N70105884V/45/_/1725964792/001c85e1-869e-4a4e-bed8-548edcdbf358.jpg?format=jpg&width=240,"<img src=""https://f.nooncdn.com/p/pnsku/N70105884V/45/_/1725964792/001c85e1-869e-4a4e-bed8-548edcdbf358.jpg?format=jpg&width=240"" width=""100""/>"
Apple iPhone 16 Pro 128GB Natural Titanium 5G With FaceTime - International Version ,"77,700","77,700",-,4.6,https://www.noon.com/egypt-en/iphone-16-pro-128gb-natural-titanium-5g-with-facetime-international-version/N70106149V/p/?o=b0097dfb960fcd7b,https://f.nooncdn.com/p/pnsku/N70106149V/45/_/1725964952/1f8d6331-54f8-4abd-8644-8d6b84310059.jpg?format=jpg&width=240,"<img src=""https://f.nooncdn.com/p/pnsku/N70106149V/45/_/1725964952/1f8d6331-54f8-4abd-8644-8d6b84310059.jpg?format=jpg&width=240"" width=""100""/>"
Apple iPhone 16 256GB Ultramarine 5G With FaceTime - International Version ,"58,499","58,499",-,4.5,https://www.noon.com/egypt-en/iphone-16-256gb-ultramarine-5g-with-facetime-international-version/N70106038V/p/?o=af9d4058e4cf5eab,https://f.nooncdn.com/p/pnsku/N70106038V/45/_/1725965427/f9bc3623-581a-458f-9ccc-bd1b7e129b69.jpg?format=jpg&width=240,"<img src=""https://f.nooncdn.com/p/pnsku/N70106038V/45/_/1725965427/f9bc3623-581a-458f-9ccc-bd1b7e129b69.jpg?format=jpg&width=240"" width=""100""/>"
Apple iPhone 16 Plus 128GB Teal 5G With FaceTime - International Version ,"67,000","67,000",-,4.3,https://www.noon.com/egypt-en/iphone-16-plus-128gb-teal-5g-with-facetime-international-version/N70105881V/p/?o=e8997582e4dc0dbd,https://f.nooncdn.com/p/pnsku/N70105881V/45/_/1725964838/7f994012-2328-42a1-95fa-bcde1ad4151a.jpg?format=jpg&width=240,"<img src=""https://f.nooncdn.com/p/pnsku/N70105881V/45/_/1725964838/7f994012-2328-42a1-95fa-bcde1ad4151a.jpg?format=jpg&width=240"" width=""100""/>"
Apple iPhone 16 Plus 128GB Ultramarine 5G With FaceTime - International Version ,"58,799","66,500",On Sale,4.6,https://www.noon.com/egypt-en/iphone-16-plus-128gb-ultramarine-5g-with-facetime-international-version/N70105880V/p/?o=f91247b6a3e8d4bc,https://f.nooncdn.com/p/pnsku/N70105880V/45/_/1725965708/c8bca4c1-bc4c-46e9-8e2c-e13cc090cceb.jpg?format=jpg&width=240,"<img src=""https://f.nooncdn.com/p/pnsku/N70105880V/45/_/1725965708/c8bca4c1-bc4c-46e9-8e2c-e13cc090cceb.jpg?format=jpg&width=240"" width=""100""/>"
Apple iPhone 16 256GB White 5G With FaceTime - International Version ,"58,499","72,900",On Sale,4.6,https://www.noon.com/egypt-en/iphone-16-256gb-white-5g-with-facetime-international-version/N70106138V/p/?o=a93fd52d83a6a2cb,https://f.nooncdn.com/p/pnsku/N70106138V/45/_/1725964787/1b7411bb-fbd1-4db0-ac1a-863d8c07e45d.jpg?format=jpg&width=240,"<img src=""https://f.nooncdn.com/p/pnsku/N70106138V/45/_/1725964787/1b7411bb-fbd1-4db0-ac1a-863d8c07e45d.jpg?format=jpg&width=240"" width=""100""/>"
Apple iPhone 16 Pro Max 512GB Desert Titanium 5G With FaceTime - Middle East Version ,"88,633","88,765",On Sale,4.5,https://www.noon.com/egypt-en/iphone-16-pro-max-512gb-desert-titanium-5g-with-facetime-middle-east-version/N70105587V/p/?o=ed1fa7355ce2edef,https://f.nooncdn.com/p/pnsku/N70105587V/45/_/1726043597/12e5b3eb-fe56-41ef-862a-65077b6c5003.jpg?format=jpg&width=240,"<img src=""https://f.nooncdn.com/p/pnsku/N70105587V/45/_/1726043597/12e5b3eb-fe56-41ef-862a-65077b6c5003.jpg?format=jpg&width=240"" width=""100""/>"
Apple iPhone 16 Pro Max 256GB Black Titanium 5G With FaceTime - Middle East Version ,"78,540","78,580",On Sale,4.7,https://www.noon.com/egypt-en/iphone-16-pro-max-256gb-black-titanium-5g-with-facetime-middle-east-version/N70105591V/p/?o=f739c235dafa8ffe,https://f.nooncdn.com/p/pnsku/N70105591V/45/_/1726043597/8211f8d6-03c7-4f76-a29d-c93ef0d026af.jpg?format=jpg&width=240,"<img src=""https://f.nooncdn.com/p/pnsku/N70105591V/45/_/1726043597/8211f8d6-03c7-4f76-a29d-c93ef0d026af.jpg?format=jpg&width=240"" width=""100""/>"
Apple iPhone 15 Plus 128GB Pink 5G With FaceTime - International Version ,"50,999","50,999",-,4.6,https://www.noon.com/egypt-en/iphone-15-plus-128gb-pink-5g-with-facetime-international-version/N53433271A/p/?o=d7812d495e90be2d,https://f.nooncdn.com/p/pnsku/N53433271A/45/_/1694762189/11be0148-22e6-4ac2-8c91-db5105e2e23a.jpg?format=jpg&width=240,"<img src=""https://f.nooncdn.com/p/pnsku/N53433271A/45/_/1694762189/11be0148-22e6-4ac2-8c91-db5105e2e23a.jpg?format=jpg&width=240"" width=""100""/>"
Apple iPhone 16 256GB Black 5G With FaceTime - International Version ,"58,499","58,499",-,4.8,https://www.noon.com/egypt-en/iphone-16-256gb-black-5g-with-facetime-international-version/N70106136V/p/?o=fcfbee74c8e7bc7c,https://f.nooncdn.com/p/pnsku/N70106136V/45/_/1725964715/bb2c6620-f447-45d5-9ce3-c44991990e04.jpg?format=jpg&width=240,"<img src=""https://f.nooncdn.com/p/pnsku/N70106136V/45/_/1725964715/bb2c6620-f447-45d5-9ce3-c44991990e04.jpg?format=jpg&width=240"" width=""100""/>"
Apple iPhone 16 256GB Pink 5G With FaceTime - International Version ,"58,499","58,499",-,4.5,https://www.noon.com/egypt-en/iphone-16-256gb-pink-5g-with-facetime-international-version/N70106135V/p/?o=cbda2b074d007eae,https://f.nooncdn.com/p/pnsku/N70106135V/45/_/1725965427/050268ed-5f3f-4037-ab80-1fe9026a7f90.jpg?format=jpg&width=240,"<img src=""https://f.nooncdn.com/p/pnsku/N70106135V/45/_/1725965427/050268ed-5f3f-4037-ab80-1fe9026a7f90.jpg?format=jpg&width=240"" width=""100""/>"
Apple iPhone 16 Pro Max 1TB Desert Titanium 5G With FaceTime - International Version ,"99,999","99,999",-,4.9,https://www.noon.com/egypt-en/iphone-16-pro-max-1tb-desert-titanium-5g-with-facetime-international-version/N70106159V/p/?o=efd2373407a14e4f,https://f.nooncdn.com/p/pnsku/N70106159V/45/_/1726211165/252a3fab-d2cd-4511-a045-afcbc91a2bbd.jpg?format=jpg&width=240,"<img src=""https://f.nooncdn.com/p/pnsku/N70106159V/45/_/1726211165/252a3fab-d2cd-4511-a045-afcbc91a2bbd.jpg?format=jpg&width=240"" width=""100""/>"
"Apple iPhone 16, 128GB, Single Sim, Teal, 1 Year Warranty | UPGRADE Refurbished | Diamond Grade ","50,999","53,600",On Sale,,https://www.noon.com/egypt-en/iphone-16-128gb-single-sim-teal-1-year-warranty-upgrade-refurbished-diamond-grade/N70138166V/p/?o=aaf10673843516be,https://f.nooncdn.com/p/pnsku/N70138166V/45/_/1735398120/148fe94f-42c1-4b1e-811d-6e1ce71a8601.jpg?format=jpg&width=240,"<img src=""https://f.nooncdn.com/p/pnsku/N70138166V/45/_/1735398120/148fe94f-42c1-4b1e-811d-6e1ce71a8601.jpg?format=jpg&width=240"" width=""100""/>"
"Apple iPhone 16, 128GB, Single Sim, UltraMarine, 1 Year Warranty | UPGRADE Refurbished | Diamond Grade ","50,999","53,600",On Sale,,https://www.noon.com/egypt-en/iphone-16-128gb-single-sim-ultramarine-1-year-warranty-upgrade-refurbished-diamond-grade/N70137273V/p/?o=bd88851a96c935dc,https://f.nooncdn.com/p/pnsku/N70137273V/45/_/1735159681/368c5471-bc8a-4fb1-a591-f975c06cdf14.jpg?format=jpg&width=240,"<img src=""https://f.nooncdn.com/p/pnsku/N70137273V/45/_/1735159681/368c5471-bc8a-4fb1-a591-f975c06cdf14.jpg?format=jpg&width=240"" width=""100""/>"
